{
  "start_time": 1752530352.144613,
  "agent_id": "agent_airsoft_0faa9616",
  "tests": {
    "stress_test": {
      "test_name": "concurrent_stress_test",
      "total_requests": 15,
      "successful_requests": 0,
      "failed_requests": 15,
      "avg_response_time": 0.0019065539042154949,
      "min_response_time": 0.0007390975952148438,
      "max_response_time": 0.004196882247924805,
      "p95_response_time": 0.004295206069946289,
      "throughput": 48.70256662734206,
      "error_rate": 100.0
    },
    "load_test": {
      "test_name": "sustained_load_test",
      "total_requests": 45,
      "successful_requests": 0,
      "failed_requests": 45,
      "avg_response_time": 0.0018303129408094618,
      "min_response_time": 0.0004820823669433594,
      "max_response_time": 0.0031290054321289062,
      "p95_response_time": 0.002299666404724121,
      "throughput": 1.4969386717912776,
      "error_rate": 100.0
    },
    "memory_test": {
      "test": "memory_leak_test",
      "iterations": 50,
      "successful_requests": 0,
      "success_rate": 0.0,
      "avg_response_time": 0,
      "response_time_trend": []
    }
  },
  "end_time": 1752530383.5491042,
  "total_duration": 31.404491186141968
}